{
  "name": "gameplay-connector",
  "config": {
      "connector.class": "io.debezium.connector.sqlserver.SqlServerConnector",
      "database.hostname": "<ip-address-of-sql>",
      "database.port": "1433",
      "database.user": "<uid>",
      "database.password": "<pwd>",
      "database.dbname": "GamePlayDB",
      "database.server.name": "GamePlayServer",
      "database.whitelist": "dbo.tb_GamePlay",
      "database.history.kafka.bootstrap.servers": "broker:29092",
      "database.history.kafka.topic": "dbhistory.gameplay"
  }
}